id,name,email
12,Iris,17355532889@163.com
13,Jack,jack_ye@icloud.com
14,Amelia,amelia_su@yahoo.com
15,William,william.tian542354@gmail.com
16,Isabella,1340132976@qq.com
17,James,james_lei@163.com
18,Chloe,chloe_zhou@foxmail.com
19,Daniel,daniel_he@outlook.com
20,Abigail,abigail_ren@126.com
123,Emma,emma.liu2024@163.com
124,Noah,noah_zhang@qq.com
134,Olivia,olivia.wang@gmail.com
145,Liam,liam_hao88@126.com
151,Ava,ava_guo@foxmail.com
161,Ethan,ethan.chen@outlook.com
174,Sophia,sophia_li@hotmail.com
185,Lucas,lucas_hu@139.com
196,Mia,mia_zheng@189.com
103,Alexander,alex_du@sina.com
11,Charlotte,charlotte.yang@sohu.com
200,123,456789@qq.com
201,小明!,xiaoming@163.com
212,aaa,bbb@qq.com
213,111,222@163.com
214,happy,happy@outlook.com
215,foo,bar@gmail.com
216,lol,lol@live.com
218,,someone@qq.com
219,space,spaceman54324@126.com
220,TEST,test@hotmail.com
221,admin,admin@sohu.com
222,guest,guest@sina.com
223,user,user@139.com
224,me,me@189.com
225,hello,hello@icloud.com
226,why,why@yahoo.com
227,ok,ok@foxmail.com
